id,title,date,content
1,Embrace the Day with Gentle Affirmations: A Phrase to Soothe Your Soul.,2023-05-30,
2,Morning Rituals: Ease into the Dawn with a Soft Routine that Nurtures Your Spirit.,2023-05-31,
3,Today's Promise: Embracing Simplicity with a Manageable Goal to Light Your Path.,2023-06-01,
4,Nourishment for Body and Soul: Discover the Simple Superfood that Can Transform Your Day.,2023-06-02,
5,The Dance of the Day: A Gentle Movement Routine to Awaken Your Energy.,2023-06-03,
6,Harmony in Sound: Let an Uplifting Song Soothe Your Spirit and Guide Your Day.,2023-06-04,
7,Calm in Every Word: Find Peace in a Short Passage from a Beloved Book.,2023-06-05,
8,"Whispers of the Night: Simple, Soothing Tips for a Peaceful Slumber.",2023-06-06,
9,Serenity in a Sip: Embrace a Refreshing Hydration Habit to Quench Your Thirst for Calm.,2023-06-07,
10,A Picture of Peace: Visualize Calm with a Soothing Image to Ignite Your Inner Serenity.,2023-06-08,"# Finding Peace in a Chaotic World

In today's fast-paced world, it's easy to get caught up in the chaos and lose sight of inner peace. We're bombarded with constant noise, distractions, and stressors that can leave us feeling overwhelmed and anxious. But what if there was a simple way to find calm amidst the chaos? What if all it took was a single image to ignite your inner serenity?

# The Power of Visualization

Visualization is a powerful tool that can help us tap into our inner resources and find peace in even the most challenging situations. By focusing on a soothing image, we can calm our minds, reduce stress, and cultivate a sense of inner peace.

# A Picture of Peace

So what does a picture of peace look like? It could be anything that resonates with you personally, whether it's a serene landscape, a beautiful sunset, or a peaceful garden. The key is to choose an image that evokes a sense of calm and tranquility.

Once you've found your picture of peace, take a few moments each day to focus on it. Close your eyes, take a deep breath, and visualize the image in your mind's eye. Allow yourself to fully immerse in the scene, noticing the colors, textures, and sounds around you.

As you continue to practice this visualization technique, you may find that it becomes easier to access a sense of inner peace and calm, even in the midst of chaos. You may also notice that your stress levels decrease, your mood improves, and your overall sense of well-being increases.

# The Benefits of Inner Peace

Finding inner peace is not just a nice-to-have; it's essential for our physical, mental, and emotional health. When we're stressed and anxious, our bodies release cortisol, a hormone that can have negative effects on our immune system, digestion, and cardiovascular health. By cultivating a sense of inner peace, we can reduce the impact of stress on our bodies and improve our overall health and well-being.

In addition to the physical benefits, finding inner peace can also help us to be more present, mindful, and compassionate in our daily lives. When we're not caught up in our own worries and concerns, we're better able to connect with others, appreciate the beauty around us, and find joy in the simple things.

# Conclusion

In a world that can often feel overwhelming and chaotic, finding inner peace is more important than ever. By visualizing a picture of peace and taking a few moments each day to focus on it, we can tap into our inner resources and cultivate a sense of calm and tranquility. So why not give it a try? Find your picture of peace today and see how it can transform your life."
11,Journey to Joy: A Simple Laugh to Lighten Your Day.,2023-06-09,
12,Nature's Whisper: A Moment Outdoors to Refresh Your Spirit.,2023-06-10,
13,The Art of Breathing: A Calming Breath Technique for Daily Serenity.,2023-06-11,
14,In the Heart of Silence: Discover the Power of Quiet Moments.,2023-06-12,
15,The Gift of Giving: A Small Act of Kindness to Warm Your Heart.,2023-06-13,
16,The Beauty of Balance: A Simple Stretch to Harmonize Your Day.,2023-06-14,
17,The Symphony of Scents: A Soothing Aroma to Enhance Your Mood.,2023-06-15,
18,The Power of Pause: Embrace a Moment of Stillness in Your Busy Day.,2023-06-16,
19,The Wisdom of the Dawn: A Sunrise Observation for Daily Inspiration.,2023-06-17,
20,The Comfort of Connection: A Simple Gesture to Strengthen Bonds.,2023-06-18,
21,The Magic of Mindfulness: A Simple Practice to Ground Your Day.,2023-06-19,
22,The Rhythm of Routine: A Small Habit to Structure Your Day.,2023-06-20,
23,The Serenity of Solitude: A Moment Alone to Recharge Your Spirit.,2023-06-21,
24,The Elixir of Energy: A Simple Snack to Boost Your Day.,2023-06-22,
25,The Harmony of Hygge: A Cozy Ritual to Comfort Your Evening.,2023-06-23,
26,The Echo of Encouragement: A Positive Mantra to Empower Your Day.,2023-06-24,
27,The Symphony of Self-Care: A Simple Pampering Ritual to Cherish Yourself.,2023-06-25,
28,The Radiance of Reflection: A Moment of Introspection to Illuminate Your Path.,2023-06-26,
29,The Whisper of the Wind: A Walk in Nature to Reconnect with Your Inner Peace.,2023-06-27,
30,The Melody of Memories: A Cherished Memory to Brighten Your Day.,2023-06-28,
31,The Dance of Daydreams: A Moment of Imagination to Spark Your Creativity.,2023-06-29,
32,The Symphony of the Seasons: Embracing Change for Personal Growth.,2023-06-30,
33,The Rhythm of Rest: A Simple Nap to Rejuvenate Your Energy.,2023-07-01,
34,The Melody of Mindful Eating: A Simple Meal to Nourish Your Body and Soul.,2023-07-02,
35,The Harmony of Hobbies: A Simple Activity to Ignite Your Passion.,2023-07-03,
36,The Serenity of Simplicity: Decluttering a Small Space for Inner Peace.,2023-07-04,
37,The Echo of Empathy: A Simple Gesture of Understanding to Warm Your Heart.,2023-07-05,
38,The Beauty of Being Present: A Moment of Mindfulness to Ground Your Day.,2023-07-06,
39,The Comfort of Creativity: A Simple Art Project to Express Your Inner Self.,2023-07-07,
40,The Whisper of Wellness: A Simple Health Tip to Boost Your Well-being.,2023-07-08,
41,The Radiance of Resilience: A Small Challenge to Strengthen Your Spirit.,2023-07-09,
42,The Symphony of Self-Love: A Simple Self-Affirmation to Cherish Your Worth.,2023-07-10,
43,The Melody of Movement: A Simple Dance Move to Energize Your Day.,2023-07-11,
44,The Harmony of Healing: A Moment of Forgiveness to Soothe Your Soul.,2023-07-12,
45,The Echo of Exploration: A Simple Adventure to Spark Your Curiosity.,2023-07-13,
46,The Rhythm of Relaxation: A Simple Spa Ritual to Pamper Your Senses.,2023-07-14,
47,The Serenity of Storytelling: A Simple Tale to Inspire Your Imagination.,2023-07-15,
48,The Beauty of Boundaries: A Simple Strategy to Protect Your Peace.,2023-07-16,
49,The Comfort of Compassion: A Simple Act of Kindness to Warm Your Heart.,2023-07-17,
50,The Whisper of Wisdom: A Simple Life Lesson to Guide Your Path.,2023-07-18,
51,Dance of Discovery: Ignite Your Curiosity with a Simple Exploration.,2023-07-19,
52,Symphony of Self-Expression: Voice Your Thoughts with a Simple Journaling Exercise.,2023-07-20,
53,Rhythm of Resilience: Overcome Challenges with Small Steps.,2023-07-21,
54,Melody of Mindful Moments: Savor Your Day with a Simple Pause.,2023-07-22,
55,Harmony of Hope: Brighten Your Outlook with a Simple Optimistic Thought.,2023-07-23,
56,Serenity in Self-Acceptance: Embrace Your Uniqueness with a Simple Affirmation.,2023-07-24,
57,Echo of Empowerment: Celebrate Your Strength with a Simple Victory.,2023-07-25,
58,Beauty in Balance: Harmonize Your Body and Mind with a Simple Yoga Pose.,2023-07-26,
59,Comfort in Connection: Strengthen Your Bonds with a Simple Conversation.,2023-07-27,
60,Whisper of Wonder: Appreciate the Beauty Around You with a Simple Observation.,2023-07-28,
61,Radiance in Relaxation: Calm Your Nerves with a Simple Breathing Exercise.,2023-07-29,
62,Symphony in Solitude: Recharge Your Energy with a Simple Moment Alone.,2023-07-30,
63,Melody of Motivation: Propel Your Ambitions with a Simple Goal.,2023-07-31,
64,Harmony in Humor: Lighten Your Mood with a Simple Joke.,2023-08-01,
65,Echo of Encouragement: Boost Your Confidence with a Simple Compliment.,2023-08-02,
66,Rhythm of Reflection: Gain Insight with a Simple Review of Your Day.,2023-08-03,
67,Serenity in Slowing Down: Enjoy Life's Pace with a Simple Tip.,2023-08-04,
68,Beauty in Being: Enjoy Your Existence in a Simple Moment of Just Being.,2023-08-05,
69,Comfort in Creativity: Express Your Artistic Side with a Simple DIY Project.,2023-08-06,
70,Whisper of Wisdom: Inspire Your Journey with a Simple Quote.,2023-08-07,
71,Embrace Serenity: A Simple Tea Ritual to Calm Your Senses.,2023-08-08,
72,Dance with the Dawn: A Morning Ritual to Welcome the Day.,2023-08-09,
73,Journey into Joy: A Simple Gratitude Practice to Lift Your Spirits.,2023-08-10,
74,Harmony in Hues: A Color Meditation to Balance Your Mood.,2023-08-11,
75,Whispers of the Wild: A Nature Walk to Reconnect with Your Inner Peace.,2023-08-12,
76,Savor the Silence: A Moment of Quiet to Calm Your Mind.,2023-08-13,
77,Breathe in Beauty: A Simple Flower Arrangement to Brighten Your Space.,2023-08-14,
78,Echoes of Elegance: A Simple Style Tip to Boost Your Confidence.,2023-08-15,
79,Rhythm of the Rain: A Weather Meditation to Soothe Your Soul.,2023-08-16,
80,Melody of the Moon: A Nighttime Ritual to Enhance Your Sleep.,2023-08-17,
81,Serenade of the Stars: A Star-Gazing Session to Spark Your Imagination.,2023-08-18,
82,Harmony in Handwriting: A Penmanship Practice to Calm Your Mind.,2023-08-19,
83,Savor the Story: A Short Tale to Inspire Your Day.,2023-08-20,
84,Bask in the Breeze: A Simple Outdoor Moment to Refresh Your Spirit.,2023-08-21,
85,Echoes of Empathy: A Simple Act of Understanding to Warm Your Heart.,2023-08-22,
86,Rhythm of the River: A Water Meditation to Flow with Life's Changes.,2023-08-23,
87,Melody of the Mind: A Mindfulness Exercise to Ground Your Thoughts.,2023-08-24,
88,Serenade of the Senses: A Sensory Experience to Enhance Your Awareness.,2023-08-25,
89,Bask in the Brushstrokes: A Simple Art Activity to Express Your Creativity.,2023-08-26,
90,Echoes of Enlightenment: A Simple Quote to Inspire Your Journey.,2023-08-27,